round,tick,weapon_name,is_headshot,penetration_amount,has_replay,is_flash_assist,is_through_smoke,is_attacker_blind,is_noscope,second,player_id_fixed,attacker_id_fixed,assister_id_fixed,player_x_pos,player_y_pos,player_z_pos,player_x_vel,player_y_vel,player_z_vel,player_phi_ang,player_theta_ang,player_weapon_code,player_team_code,attacker_x_pos,attacker_y_pos,attacker_z_pos,attacker_x_vel,attacker_y_vel,attacker_z_vel,attacker_phi_ang,attacker_theta_ang,attacker_weapon_code,attacker_team_code,assister_x_pos,assister_y_pos,assister_z_pos,assister_x_vel,assister_y_vel,assister_z_vel,assister_phi_ang,assister_theta_ang,assister_weapon_code,assister_team_code
1,2301,usp_silencer,True,0,False,0,0,0,0,35.953125,4,5,,-756.926025390625,1442.1785888671875,-111.96875,2.38671875,110.9375,0.0,75.79879760742188,4.289825439453125,4,2,-120.528076171875,1423.0477294921875,-0.42340087890625,155.296875,-12.21875,0.05078125,100.83114624023438,179.2347412109375,61,3,,,,,,,,,,
1,2322,usp_silencer,True,0,False,0,0,0,0,36.28125,6,7,,-2035.8212890625,1128.4725341796875,36.35126495361328,0.0,0.0,0.0,90.50605773925781,82.5643310546875,4,2,-1965.8135986328125,1732.3746337890625,32.26858139038086,75.28125,-9.0390625,0.0400390625,91.20437622070312,-96.61685943603516,61,3,,,,,,,,,,
1,2460,usp_silencer,True,0,False,0,0,0,0,38.4375,9,7,,-1898.8184814453125,1271.156005859375,31.648906707763672,58.6015625,15.9140625,1.066650390625,91.52127075195312,106.74969482421875,36,2,-1980.2806396484375,1624.9576416015625,31.67407989501953,-96.4375,-14.2265625,-4.8515625,90.208740234375,-78.61370086669922,61,3,,,,,,,,,,
1,2628,usp_silencer,True,0,False,0,0,0,0,41.0625,8,7,,-1776.4189453125,1100.1890869140625,33.47871780395508,-128.84375,-69.0859375,7.876953125,90.22006225585938,124.63748168945312,4,2,-2012.37353515625,1488.09765625,32.836570739746094,27.4296875,12.0859375,-2.10595703125,89.88739013671875,-57.52716064453125,61,3,,,,,,,,,,
1,2725,glock,True,0,False,0,0,0,0,42.578125,7,2,6,-1986.2982177734375,1304.0311279296875,29.748489379882812,0.015625,-47.953125,1.29345703125,87.07695007324219,14.501953125,61,3,-1683.777587890625,1385.365478515625,42.806732177734375,10.2890625,-46.8515625,-2.84716796875,92.503173828125,-166.20083618164062,4,2,,,,,,,,,,
1,3294,elite,True,0,False,0,0,0,0,51.46875,2,1,,-1668.119873046875,2068.0732421875,-6.498779296875,95.09375,-220.359375,6.63671875,92.70709228515625,25.559005737304688,4,2,-1107.999755859375,2283.3037109375,-1.66998291015625,-49.8671875,182.265625,13.48828125,91.48727416992188,-159.42913818359375,2,3,,,,,,,,,,
2,6912,m4a1_silencer,True,0,False,0,0,0,0,108.0,9,5,,-1623.860595703125,1780.8028564453125,0.4311356544494629,-88.2109375,-48.8984375,6.112396240234375,87.67056274414062,57.008392333984375,1,2,-1181.6749267578125,2468.276611328125,38.777652740478516,0.0,0.0,0.0,94.10372924804688,-121.8819808959961,60,3,,,,,,,,,,
2,6937,p90,True,0,False,0,0,0,0,108.390625,2,1,,-453.57598876953125,1480.826416015625,-125.99969482421875,34.98828125,10.3671875,-0.24609375,86.85653686523438,15.11065673828125,4,2,-307.69329833984375,606.5087890625,0.4327864646911621,0.0,0.0,0.0,102.64183044433594,100.08648681640625,19,3,,,,,,,,,,
2,7213,m4a1_silencer,False,0,False,0,0,0,0,112.703125,4,5,,-1935.9759521484375,2345.96826171875,1.6976079940795898,-14.828125,-37.921875,-5.82666015625,92.86709594726562,-21.320343017578125,64,2,-1398.482421875,2120.681884765625,2.1432619094848633,-3.3828125,-8.203125,0.343994140625,92.42179870605469,157.62496948242188,60,3,,,,,,,,,,
2,7254,ssg08,False,0,False,0,0,0,1,113.34375,6,7,,-1949.782958984375,2901.739013671875,31.827938079833984,0.0,0.0,0.0,82.52001953125,-22.647979736328125,4,2,-1259.6572265625,2633.21826171875,127.51639556884766,0.0,0.0,0.0,97.867919921875,159.25677490234375,40,3,,,,,,,,,,
2,8386,m4a1_silencer,True,0,False,0,0,0,0,131.03125,8,5,7,-2024.12060546875,1089.8934326171875,38.03059768676758,-97.4140625,86.5703125,2.900634765625,94.60395812988281,43.314971923828125,4,2,-1997.5413818359375,1491.15234375,31.73957061767578,0.0,0.0,0.0,92.15263366699219,-92.16293334960938,60,3,-1701.519287109375,1303.141845703125,38.09766387939453,63.0859375,-181.8515625,-10.66162109375,95.9364013671875,-139.36398315429688,42,3
3,10377,awp,True,0,False,0,0,0,0,162.140625,8,10,,-65.4317626953125,406.6244201660156,-1.35791015625,64.90234375,46.322265625,0.203125,95.99510192871094,125.4127197265625,30,2,-463.2352294921875,987.092529296875,-47.705810546875,25.46875,16.73828125,-6.4375,85.760986328125,-56.38526916503906,9,3,,,,,,,,,,
3,11317,galilar,True,0,False,0,1,0,0,176.828125,10,4,,-443.4827880859375,-373.8466796875,0.3691866397857666,33.58984375,21.0625,0.0412139892578125,86.98768615722656,-37.97802734375,9,3,-57.028076171875,-671.9827270507812,20.07291030883789,0.0,0.0,0.0,96.27423095703125,141.84689331054688,13,2,,,,,,,,,,
3,11338,p90,True,0,False,0,0,0,0,177.15625,6,1,,1062.9349365234375,486.8538513183594,3.8706493377685547,0.0,0.0,0.0,93.0140380859375,70.22152709960938,7,2,1297.42578125,1333.53515625,1.03125,-205.0234375,91.1875,0.0,97.81814575195312,-104.14592742919922,19,3,,,,,,,,,,
3,11472,p90,True,0,False,0,0,0,0,179.25,9,1,,1260.087890625,1075.642333984375,-0.20318603515625,-50.421875,16.765625,-0.3515625,92.99514770507812,70.32211303710938,25,2,1484.8009033203125,1594.9896240234375,-8.6202392578125,28.65625,-9.515625,-0.88671875,96.02943420410156,-112.70771026611328,19,3,,,,,,,,,,
3,13113,galilar,True,0,False,0,0,0,0,204.890625,5,4,,586.8082885742188,726.9664306640625,1.124380111694336,-13.41796875,-8.484375,0.075836181640625,91.37911987304688,-82.8420639038086,60,3,606.1814575195312,538.9066162109375,1.119004726409912,-10.0390625,-0.9609375,0.05352783203125,98.73654174804688,95.49969482421875,13,2,,,,,,,,,,
3,13256,awp,True,0,False,0,0,0,0,207.125,7,2,,-398.4822998046875,1441.1182861328125,-86.296875,0.0,0.0,384.0,100.10845947265625,-77.44743347167969,40,3,-440.9114990234375,-234.901611328125,0.42902088165283203,-13.63671875,0.38671875,-0.160064697265625,92.305419921875,88.53778076171875,9,2,,,,,,,,,,
3,14363,ak47,False,0,False,0,0,0,0,224.421875,2,1,,686.112060546875,905.82275390625,-0.44476318359375,4.6328125,-15.1171875,-0.03515625,92.03659057617188,17.058685302734375,4,2,1166.7557373046875,678.9181518554688,7.917101860046387,6.015625,11.80859375,0.11846923828125,97.6173095703125,154.49832153320312,7,3,,,,,,,,,,
3,14429,m4a1_silencer,False,0,False,0,0,0,0,225.453125,4,3,5,644.072021484375,737.788818359375,0.810978889465332,78.32421875,-50.83203125,-0.39459228515625,91.82167053222656,33.838226318359375,13,2,1388.4495849609375,1149.1083984375,-9.31719970703125,-6.7578125,9.2578125,0.10546875,89.89425659179688,-152.57022094726562,60,3,,,,,,,,,,
4,16985,ak47,True,0,False,0,0,0,0,265.390625,2,5,,80.23319244384766,1348.039794921875,0.0685114860534668,1.271484375,-1.25,0.002166748046875,92.93988037109375,24.68524169921875,13,2,357.3460693359375,1492.1636962890625,1.4536819458007812,-8.931640625,17.2578125,0.411865234375,97.19845581054688,-152.9241943359375,7,3,,,,,,,,,,
4,17062,galilar,False,0,False,1,0,0,0,266.59375,5,6,2,320.06329345703125,1536.556884765625,2.782672882080078,-1.712890625,15.28125,0.49560546875,98.4429931640625,-173.57745361328125,7,3,-20.53717041015625,1490.7891845703125,-0.13555908203125,0.0,0.0,0.0,91.78184509277344,7.110565185546875,13,2,,,,,,,,,,
4,17883,ssg08,True,0,False,0,0,0,0,279.421875,9,7,,439.8096008300781,381.6054382324219,2.8101325035095215,-10.826171875,-19.392578125,-0.235260009765625,91.09347534179688,-109.58415985107422,13,2,113.83802795410156,-461.1131591796875,2.325287342071533,0.0,0.0,0.0,90.164794921875,68.465087890625,40,3,,,,,,,,,,
4,17920,ak47,True,0,False,0,0,0,0,280.0,3,6,,1445.876220703125,2597.3427734375,72.27622985839844,2.7734375,-53.5,-12.91796875,89.65667724609375,-177.35333251953125,60,3,390.6521301269531,2546.5908203125,95.6845474243164,1.041015625,-18.390625,0.0224609375,90.96817016601562,3.28216552734375,7,2,,,,,,,,,,
4,18062,galilar,False,0,False,0,0,0,0,282.21875,10,4,8,1127.8331298828125,2213.5830078125,7.543659210205078,45.9140625,26.78125,2.050537109375,88.4471435546875,82.23025512695312,40,3,334.2121276855469,2017.68603515625,96.35596466064453,65.412109375,40.9140625,-1.48046875,97.55584716796875,13.935470581054688,13,2,384.62701416015625,2111.600341796875,95.35198211669922,7.09375,-52.09375,0.0849609375,102.6051025390625,7.502288818359375,7,2
4,18604,p90,True,0,False,0,0,0,0,290.6875,6,1,,1329.21484375,2618.1669921875,93.44457244873047,-14.421875,0.78125,0.14892578125,93.56402587890625,-93.01197052001953,60,2,1309.8868408203125,1019.017578125,-4.96875,226.203125,-8.31640625,0.0,88.27171325683594,88.98342895507812,19,3,,,,,,,,,,
4,18987,ak47,True,0,False,0,0,0,0,296.671875,1,8,,1601.69873046875,1847.7967529296875,0.12984991073608398,28.671875,41.46875,-3.7340087890625,93.4569091796875,146.28329467773438,19,3,1027.507568359375,2232.283935546875,11.871185302734375,-8.8671875,-13.203125,-2.8251953125,99.525146484375,-34.90252685546875,7,2,,,,,,,,,,
4,19026,galilar,False,0,False,0,0,0,0,297.28125,7,4,,373.6126708984375,1867.9112548828125,95.44036102294922,-16.56640625,9.875,0.57080078125,90.46383666992188,56.78387451171875,40,3,905.7350463867188,2676.230224609375,96.17173767089844,0.0,0.0,0.0,89.89871215820312,-122.84671783447266,13,2,,,,,,,,,,
5,21594,ak47,True,0,False,0,0,0,0,337.40625,7,6,,-1043.227783203125,1451.755615234375,-112.04949951171875,-102.7109375,9.921875,4.50390625,87.62454223632812,173.74395751953125,61,3,-1150.409912109375,1063.4888916015625,-9.42498779296875,0.0,0.0,0.0,106.56600952148438,73.31967163085938,7,2,,,,,,,,,,
5,22062,galilar,True,0,False,0,0,0,0,344.71875,10,2,,740.9375,413.054443359375,0.4835209846496582,107.44140625,-82.734375,-0.5087890625,90.42263793945312,-128.9794921875,40,3,509.4692687988281,151.48545837402344,-3.11700439453125,-5.208984375,10.62890625,0.83984375,86.87542724609375,49.91741943359375,13,2,,,,,,,,,,
5,22175,ak47,False,0,False,0,0,0,0,346.484375,5,8,,-126.70947265625,1396.2080078125,-0.2884521484375,56.3203125,-19.421875,0.12109375,91.78286743164062,-109.28821563720703,60,3,-437.1553955078125,435.0854187011719,-2.69989013671875,31.96875,-10.61328125,-2.39453125,98.2874755859375,70.66302490234375,7,2,,,,,,,,,,
5,23078,p90,False,0,False,0,0,0,0,360.59375,2,1,,660.4614868164062,309.3220520019531,0.9587979316711426,0.0,0.0,0.0,93.1915283203125,93.05352783203125,13,2,612.4508666992188,675.4330444335938,1.0140752792358398,-68.61328125,-9.140625,0.3708038330078125,100.43083190917969,-82.27283477783203,19,3,,,,,,,,,,
5,23271,ak47,False,0,False,0,0,0,0,363.609375,3,8,,-564.6155395507812,2233.1484375,-120.61627197265625,-32.75390625,-7.546875,-2.60546875,88.17832946777344,-75.86849212646484,60,3,-275.09149169921875,1078.832275390625,-65.67584228515625,0.0,0.0,0.0,93.39271545410156,103.44314575195312,7,2,,,,,,,,,,
5,25139,ssg08,False,0,False,0,0,0,0,392.796875,1,8,2,242.70724487304688,1496.970947265625,1.2907600402832031,-118.869140625,-13.25,-0.5489501953125,94.03988647460938,-175.20892333984375,19,3,-1199.8631591796875,1454.1873779296875,-75.96875,0.0859375,-2.46875,0.0,86.84658813476562,1.94561767578125,40,2,,,,,,,,,,
6,27625,m4a1_silencer,True,0,False,0,0,0,0,431.640625,10,9,,629.652587890625,729.3993530273438,0.8933227062225342,-11.6015625,-0.3359375,0.0625152587890625,91.80416870117188,-88.30913543701172,1,3,643.2348022460938,313.17303466796875,1.0453295707702637,-11.68359375,-8.427734375,0.0646209716796875,91.42616271972656,94.36602783203125,60,2,,,,,,,,,,
6,27897,mp7,False,0,False,0,0,0,0,435.890625,6,1,,594.7755126953125,683.3951416015625,1.1042604446411133,10.1953125,-9.19140625,-0.049713134765625,94.24588012695312,46.96759033203125,7,2,879.7603149414062,943.2073364257812,0.23068714141845703,-26.44140625,30.22265625,-0.110443115234375,99.38575744628906,-135.09063720703125,33,3,,,,,,,,,,
6,29056,m4a1_silencer,False,0,False,0,0,0,0,454.0,5,9,,-414.2620849609375,1115.4422607421875,-85.132080078125,-67.7109375,-14.9375,7.46875,82.6336669921875,-99.06234741210938,1,3,-518.8125610351562,587.3577880859375,9.031248092651367,0.0,0.0,0.0,101.5521240234375,77.34683227539062,60,2,,,,,,,,,,
6,29419,ak47,True,1,False,0,0,0,0,459.671875,4,8,,644.9273681640625,152.30645751953125,-1.3963623046875,-28.953125,2.298828125,-0.9765625,97.55584716796875,85.88494873046875,7,2,662.8104248046875,470.7287902832031,0.8584442138671875,0.0,0.0,0.0,99.54266357421875,-92.93746948242188,7,2,,,,,,,,,,
6,29613,mp7,False,0,False,0,0,0,0,462.703125,8,1,,605.6846313476562,664.2908325195312,1.055887222290039,12.953125,-5.15625,-0.06634521484375,99.45991516113281,68.622314453125,7,2,806.0145263671875,1049.9862060546875,0.3377089500427246,-50.234375,27.5625,-0.315032958984375,99.42593383789062,-118.7508773803711,33,3,,,,,,,,,,
6,29855,m4a1_silencer,False,0,False,0,0,0,0,466.484375,7,9,,-212.91064453125,1232.681884765625,32.03125,-7.2578125,55.0546875,0.0,110.45654296875,151.31436157226562,40,3,-211.937255859375,962.349853515625,1.4642672538757324,0.0,31.78515625,0.1260986328125,84.43783569335938,89.42184448242188,60,2,,,,,,,,,,
6,31569,m4a1_silencer,True,0,False,0,0,0,0,493.265625,3,9,,1044.4315185546875,2659.405029296875,95.67375183105469,21.25,-22.015625,0.97314453125,91.16146850585938,-136.41482543945312,60,3,356.6195373535156,1952.89404296875,96.04912567138672,52.337890625,-53.9921875,-0.0322265625,90.95065307617188,46.54083251953125,60,2,,,,,,,,,,
6,32078,ak47,False,1,False,0,0,0,0,501.21875,9,1,,583.9833984375,2532.05810546875,96.04706573486328,56.50390625,71.703125,-0.5849609375,113.00949096679688,75.96804809570312,60,2,1774.8988037109375,1837.7137451171875,2.058877468109131,23.34375,39.6796875,0.695343017578125,86.90493774414062,149.619384765625,7,3,,,,,,,,,,
6,34978,ak47,False,0,False,0,0,0,0,546.53125,1,2,8,-1399.8609619140625,2461.382568359375,3.6891489028930664,-35.2890625,100.453125,-1.51104736328125,88.67340087890625,-129.8247528076172,7,3,-1873.27197265625,2244.5029296875,-1.38763427734375,23.5078125,-69.203125,-0.91796875,89.30133056640625,23.42559814453125,7,2,,,,,,,,,,
6,35423,planted_c4,False,0,True,0,0,0,0,553.484375,2,,,-1944.161865234375,1813.75439453125,33.031253814697266,-94.96875,-19.75,0.0,95.93777465820312,-105.57792663574219,516,2,,,,,,,,,,,,,,,,,,,,
7,37059,ak47,True,0,False,0,0,0,0,579.046875,3,2,,-314.7333984375,693.6094360351562,1.2116045951843262,-128.8984375,-85.62109375,-5.479400634765625,93.37933349609375,-57.47051239013672,60,3,-173.8966064453125,429.675048828125,-1.251708984375,-24.6953125,-11.939453125,-0.3125,91.07699584960938,114.49298095703125,7,2,,,,,,,,,,
7,37154,ssg08,False,0,False,0,0,0,0,580.53125,2,10,3,-314.1968994140625,405.2129211425781,-3.96368408203125,-207.09765625,-6.189453125,-1.42578125,97.56787109375,87.21942138671875,7,2,-282.79278564453125,1031.7655029296875,-53.9091796875,8.57421875,-0.2890625,0.0703125,83.84732055664062,-91.99573516845703,40,3,,,,,,,,,,
7,37470,ak47,True,0,False,0,0,0,0,585.46875,10,8,,-347.939208984375,980.3644409179688,-45.40447998046875,96.0234375,30.6875,34.33984375,84.97341918945312,-71.46297454833984,40,3,-173.768310546875,401.13409423828125,-1.58978271484375,58.76953125,17.017578125,0.828125,95.55496215820312,106.84786987304688,7,2,,,,,,,,,,
7,38639,mp7,False,0,False,0,0,0,0,603.734375,6,1,,1008.3028564453125,1043.1512451171875,0.022016048431396484,0.0,0.0,0.0,90.65986633300781,-89.97356414794922,7,2,1038.299072265625,442.7263488769531,5.801087856292725,-27.421875,-1.794921875,1.33245849609375,96.73291015625,93.40713500976562,33,3,,,,,,,,,,
7,38834,galilar,True,0,False,0,0,0,0,606.78125,1,4,,1204.3692626953125,548.0797729492188,8.662081718444824,40.1953125,47.53515625,0.111328125,93.49708557128906,140.37643432617188,33,3,679.4180297851562,958.283447265625,-0.2706298828125,36.859375,47.79296875,0.8828125,91.28196716308594,-39.252777099609375,13,2,,,,,,,,,,
7,39072,mp9,False,0,False,0,0,0,0,610.5,8,5,3,958.91455078125,745.6859130859375,8.577038764953613,63.95703125,-64.40625,1.77886962890625,92.20001220703125,52.120513916015625,7,2,1539.7203369140625,1483.0792236328125,1.0312480926513672,93.4140625,-177.703125,0.0,89.69718933105469,-129.52743530273438,34,3,,,,,,,,,,
7,39531,mp9,False,0,False,0,0,0,0,617.671875,4,5,1,578.6444091796875,1139.48291015625,1.48588228225708,5.0078125,5.84375,0.021942138671875,94.722412109375,-40.736968994140625,13,2,1112.775634765625,665.75390625,6.399822235107422,-78.0625,22.91796875,-2.562774658203125,94.03643798828125,137.735595703125,34,3,,,,,,,,,,
7,39751,ssg08,True,0,False,0,0,0,0,621.109375,9,7,,538.7429809570312,2077.718017578125,144.40625,116.453125,-2.953125,-103.0,97.61077880859375,-2.656280517578125,60,2,1760.15966796875,2012.9918212890625,3.288118839263916,0.0,0.0,0.0,83.34434509277344,177.0535888671875,40,3,,,,,,,,,,
8,42000,famas,True,0,False,0,0,0,0,656.25,2,3,,-1565.56201171875,1116.8072509765625,34.73805618286133,-0.1015625,74.2109375,-1.8583984375,101.09001159667969,0.416107177734375,4,2,-1098.6309814453125,1136.0306396484375,-41.92999267578125,6.203125,-85.3125,22.53125,82.68722534179688,-175.90106201171875,10,3,,,,,,,,,,
8,42102,p90,False,0,False,0,0,0,0,657.84375,3,9,6,-1127.8992919921875,1149.9736328125,-36.39385986328125,-6.84375,70.2421875,-25.359375,89.15509033203125,-173.04977416992188,10,3,-1565.2171630859375,1097.77880859375,35.2202033996582,16.484375,20.90625,-0.227294921875,108.39797973632812,7.745361328125,19,2,-1951.32861328125,1133.5748291015625,33.01377487182617,0.0,0.0,0.0,94.4439697265625,-0.23724365234375,7,2
8,44119,ak47,True,0,False,0,0,0,0,689.359375,10,6,,-1898.903564453125,2561.846923828125,32.45917892456055,127.0625,-9.5,13.571044921875,90.23895263671875,-94.42508697509766,40,3,-2032.33544921875,1127.7989501953125,36.25421905517578,-61.8359375,5.2890625,3.0224609375,91.89205932617188,85.43072509765625,7,2,,,,,,,,,,
8,44276,p90,True,0,False,0,0,0,0,691.8125,4,1,,-1640.2640380859375,982.7211303710938,31.21278953552246,26.0859375,2.8046875,2.6484375,85.04173278808594,-84.10652160644531,13,2,-1573.83447265625,-272.6790771484375,128.41737365722656,-197.28125,-14.3125,-1.5361328125,95.28579711914062,93.31304931640625,19,3,,,,,,,,,,
8,44769,ssg08,False,0,False,0,0,0,0,699.515625,9,7,3,-1964.4630126953125,1299.4803466796875,29.672386169433594,136.0390625,-143.484375,6.183837890625,92.471923828125,98.33587646484375,10,2,-2066.337646484375,2138.23779296875,0.7940893173217773,0.0,0.0,0.0,89.08676147460938,-83.80302429199219,40,3,,,,,,,,,,
8,45434,ak47,False,0,False,0,0,0,0,709.90625,7,6,,-1980.3592529296875,1299.09521484375,29.736549377441406,6.9921875,50.0390625,-1.427734375,146.4086151123047,27.186355590820312,40,3,-1439.2813720703125,1125.8345947265625,35.29909133911133,0.0,0.0,0.0,91.89205932617188,163.19229125976562,7,2,,,,,,,,,,
8,45646,ak47,False,1,False,0,0,0,0,713.21875,5,6,8,-2023.85546875,1251.177734375,32.69154739379883,-3.4296875,-16.9453125,0.44482421875,101.47006225585938,-11.434707641601562,7,3,-1404.1724853515625,1179.5799560546875,34.52206039428711,-6.953125,-45.4140625,-0.507568359375,91.517822265625,171.92642211914062,7,2,-1247.3916015625,1065.3865966796875,31.740325927734375,2.84375,10.0859375,-1.376220703125,99.45991516113281,164.24801635742188,7,2
8,46089,ak47,True,0,False,0,0,0,0,720.140625,1,8,,-1476.1597900390625,-423.1187744140625,130.72506713867188,61.0703125,7.65234375,-0.90234375,94.50198364257812,97.1318359375,19,3,-1670.8472900390625,1178.3709716796875,31.255489349365234,0.0,0.0,0.0,86.72744750976562,-83.19465637207031,7,2,,,,,,,,,,
9,48799,ak47,True,0,False,0,0,0,0,762.484375,5,8,,559.7584838867188,150.64968872070312,-2.967041015625,-221.5078125,-28.1689453125,-9.28125,91.88346862792969,140.70806884765625,60,3,179.9741668701172,457.73126220703125,1.6602201461791992,0.0,0.0,0.0,90.13766479492188,-37.05757141113281,7,2,,,,,,,,,,
9,49575,ak47,True,0,False,0,0,0,0,774.609375,3,8,,-301.5325927734375,579.365234375,-1.4644775390625,-91.4765625,-126.03125,-20.55078125,90.0,-36.23634338378906,3,3,746.4509887695312,-188.3834228515625,9.031248092651367,-21.86328125,-29.125,0.0,90.71514892578125,142.87478637695312,7,2,,,,,,,,,,
9,50347,mp7,True,0,False,0,0,0,0,786.671875,2,1,,-1760.44970703125,1386.9462890625,43.817867279052734,-0.2265625,0.4375,0.021484375,99.34353637695312,-170.60086059570312,7,2,-1979.0126953125,1339.2412109375,28.435731887817383,9.4375,-44.8515625,1.6500244140625,91.28643798828125,13.6268310546875,33,3,,,,,,,,,,
9,50512,ssg08,True,0,False,0,0,0,0,789.25,9,7,,-149.0628662109375,824.9443969726562,1.9554061889648438,0.0,201.41796875,-1.830413818359375,95.2294921875,106.93405151367188,7,2,-580.4677734375,2222.833740234375,-121.78515625,0.0,0.0,0.0,85.17974853515625,-73.05702209472656,40,3,,,,,,,,,,
9,50692,ak47,True,0,False,0,0,0,0,792.0625,7,6,,-334.661865234375,2233.806884765625,-122.5,-16.0,5.6875,1.3203125,93.8616943359375,-105.9902572631836,40,3,-444.255859375,1668.546875,-125.1396484375,15.84375,-2.8046875,-0.171875,91.60606384277344,79.4898681640625,7,2,,,,,,,,,,
9,51864,ak47,False,0,False,0,0,0,0,810.375,10,8,6,-204.42364501953125,2143.14501953125,-126.422119140625,-82.86328125,8.4375,0.0234375,90.86138916015625,-107.88299560546875,40,3,661.1231079101562,2214.349609375,-81.9249267578125,0.0,0.0,0.0,100.2025146484375,-176.15237426757812,7,2,-359.724365234375,1756.5299072265625,-123.74578857421875,-35.8515625,185.7734375,0.4375,100.36216735839844,88.00357055664062,7,2
9,51867,ak47,False,0,False,0,0,0,0,810.421875,6,1,7,-360.634033203125,1762.466064453125,-123.77099609375,-25.9140625,190.78125,-3.8984375,100.58189392089844,88.267578125,7,2,-689.7318115234375,2352.951904296875,-109.02801513671875,0.0,0.0,0.0,92.71328735351562,-61.76136016845703,7,3,,,,,,,,,,
9,52024,ak47,False,0,False,0,0,0,0,812.875,1,8,2,-798.773681640625,2226.6669921875,-106.62823486328125,9.4921875,93.734375,10.42578125,93.43666076660156,-5.7276611328125,7,3,378.1629638671875,2093.108642578125,-125.22552490234375,-17.490234375,28.875,0.0234375,90.96267700195312,173.31515502929688,7,2,,,,,,,,,,
10,53820,ssg08,True,0,False,0,0,0,0,840.9375,9,7,,-421.0623779296875,-323.3031005859375,0.5631957054138184,-25.16796875,228.6171875,0.49169921875,92.75723266601562,89.3974609375,1,2,-415.739013671875,2113.900390625,-128.42767333984375,0.0,0.0,0.0,87.05635070800781,-90.23998260498047,40,3,,,,,,,,,,
10,54766,ak47,False,0,False,0,0,0,0,855.71875,7,2,4,-1697.9576416015625,502.61822509765625,34.0625,156.7578125,-107.169921875,-173.0,111.14593505859375,-83.08822631835938,40,3,-1899.1131591796875,679.9367065429688,36.735679626464844,0.0,0.0,0.0,94.5115966796875,-41.17779541015625,7,2,-1403.9259033203125,370.4143371582031,9.03125,-42.046875,-114.66796875,0.0,91.55181884765625,156.11813354492188,13,2
10,56850,mp9,True,0,False,0,0,0,0,888.28125,8,5,,-386.373046875,1260.8583984375,-118.86962890625,12.78125,4.25,-0.921875,100.43255615234375,109.02728271484375,7,2,-453.9117431640625,1469.816650390625,-126.06219482421875,-20.2421875,-5.9453125,0.31640625,95.44921875,-73.54694366455078,34,3,,,,,,,,,,
10,56937,ak47,False,0,False,0,0,0,0,889.640625,5,6,8,-535.34326171875,1448.972412109375,-112.14276123046875,-64.8359375,-15.84375,-1.53515625,90.9080810546875,-75.2288818359375,34,3,-303.8209228515625,461.908203125,-3.42218017578125,-72.828125,-6.1953125,-2.1328125,97.47998046875,102.03759765625,7,2,,,,,,,,,,
10,58526,ak47,False,0,False,0,0,0,0,914.46875,10,2,,269.44488525390625,2224.6728515625,-69.65625,23.765625,93.296875,-22.0,130.20205688476562,144.83517456054688,42,3,-1225.6214599609375,2226.90380859375,3.3267154693603516,1.3046875,155.28125,-4.16693115234375,94.62799072265625,0.068328857421875,7,2,,,,,,,,,,
10,58800,mp7,False,0,False,0,0,0,0,918.75,6,1,3,1143.02392578125,2892.333251953125,127.78107452392578,-61.5703125,60.828125,0.75439453125,92.70606994628906,-134.49737548828125,7,2,367.1553649902344,1999.843017578125,95.57610321044922,157.87890625,-152.53125,-3.79736328125,90.0604248046875,48.790283203125,33,3,1116.204833984375,893.1005249023438,-0.30523681640625,206.53125,59.73046875,-0.51953125,90.84835815429688,68.875,7,3
10,58895,ak47,True,0,False,0,0,0,0,920.234375,4,3,,1415.8804931640625,2560.970947265625,65.23793029785156,25.3515625,-47.640625,-13.04150390625,89.15679931640625,-152.47512817382812,13,2,1295.7742919921875,894.4921264648438,1.0312519073486328,0.0,0.0,0.0,87.86521911621094,86.0614013671875,7,3,,,,,,,,,,
10,59673,ak47,True,0,False,0,0,0,0,932.390625,2,3,,273.0916748046875,1885.7696533203125,99.0006103515625,0.0,0.0,0.0,89.65084838867188,41.080291748046875,7,2,1265.281494140625,2741.23779296875,127.03125,35.5234375,-42.4375,0.0,91.24420166015625,-138.79681396484375,7,3,,,,,,,,,,
11,62401,awp,False,0,False,0,1,0,0,975.015625,5,8,,653.603759765625,844.9833374023438,0.035172462463378906,75.04296875,-82.86328125,0.427734375,94.27197265625,-99.15229797363281,7,3,648.8137817382812,-265.3907470703125,-0.28961181640625,19.6875,0.09765625,0.3671875,90.34332275390625,90.0950927734375,9,2,,,,,,,,,,
11,62941,ak47,True,0,False,0,0,0,0,983.453125,10,6,,796.0589599609375,2605.823486328125,94.70697784423828,129.19140625,-77.828125,-0.52197265625,89.82765197753906,-119.31632995605469,40,3,370.92254638671875,1843.8465576171875,95.37151336669922,34.8203125,-18.7421875,-0.876953125,90.37387084960938,61.18629455566406,7,2,,,,,,,,,,
11,64313,p90,False,0,False,0,0,0,0,1004.890625,6,1,,1550.4478759765625,1245.84814453125,1.03125,-4.015625,11.6796875,0.0,91.56211853027344,-161.03622436523438,7,2,519.02880859375,911.4732666015625,2.2271623611450195,-18.33203125,64.375,0.280792236328125,97.03433227539062,18.594024658203125,19,3,,,,,,,,,,
11,64450,sg556,True,0,False,0,0,0,0,1007.03125,1,9,,524.321533203125,980.197998046875,0.6526083946228027,57.171875,62.546875,1.365234375,98.4814453125,-48.19221496582031,19,3,666.6152954101562,810.8191528320312,0.3601865768432617,0.0,0.0,0.0,95.97140502929688,133.275146484375,39,2,,,,,,,,,,
11,64585,galilar,False,0,False,0,1,0,0,1009.140625,3,4,,503.4715576171875,2255.54833984375,-123.222412109375,-23.330078125,63.0625,-5.05859375,60.141571044921875,22.442657470703125,7,3,877.480712890625,2413.237548828125,127.05288696289062,15.82421875,-34.671875,0.0,124.74357604980469,-155.5547332763672,13,2,,,,,,,,,,
11,65134,ssg08,False,0,False,0,0,0,0,1017.71875,7,2,,-763.4150390625,2146.9521484375,-113.72454833984375,-0.8515625,14.671875,-0.91796875,87.72891235351562,3.353240966796875,40,3,1517.320068359375,2265.45556640625,-3.96539306640625,6.3984375,-77.9375,-8.4140625,93.06312561035156,-177.2352294921875,40,2,,,,,,,,,,
12,67336,awp,True,0,False,0,0,0,0,1052.125,9,3,,-140.59454345703125,499.3898010253906,-0.2666015625,33.33203125,-145.84765625,-1.4765625,85.81661987304688,103.32675170898438,44,2,-600.1452026367188,2379.325927734375,-103.87164306640625,-5.625,26.609375,4.9140625,86.88606262207031,-76.3388442993164,9,3,,,,,,,,,,
12,68683,awp,False,0,False,0,0,0,0,1073.171875,6,3,,568.5017700195312,663.6221923828125,1.254549503326416,0.0,0.0,0.0,91.89205932617188,37.41943359375,7,2,1536.2442626953125,1419.099609375,1.0312519073486328,0.0,0.0,0.0,90.80441284179688,-142.25303649902344,9,3,,,,,,,,,,
12,68882,ak47,False,0,False,0,0,0,0,1076.28125,10,4,,606.4559326171875,649.037841796875,1.060105800628662,77.046875,8.21875,-0.415313720703125,96.82009887695312,-91.24351501464844,61,3,616.7837524414062,495.77764892578125,1.085141658782959,0.0,0.0,0.0,97.05014038085938,93.50979614257812,7,2,,,,,,,,,,
12,72768,mp7,False,0,False,0,0,0,0,1137.0,2,1,7,-1462.024169921875,1893.0943603515625,2.9745073318481445,-43.3359375,-24.234375,-3.13287353515625,96.86920166015625,119.60025024414062,7,2,-1343.5618896484375,2171.7333984375,2.18388032913208,-161.8359375,-140.640625,1.014862060546875,94.50198364257812,-113.31298828125,33,3,-1607.8682861328125,2138.66015625,12.3125,-82.765625,-61.609375,-250.0,91.73617553710938,-59.92870330810547,61,3
12,72834,m4a1_silencer,False,0,False,0,0,0,0,1138.03125,4,5,10,-1475.3638916015625,2810.253662109375,8.696733474731445,-119.1640625,132.640625,-14.74566650390625,77.89031982421875,13.362808227539062,7,2,-1402.7723388671875,2783.914306640625,68.984375,30.4609375,-22.296875,-198.0,156.93763732910156,-163.55587768554688,60,3,,,,,,,,,,
12,74249,mp7,False,0,False,0,0,0,0,1160.140625,8,1,7,-1914.3360595703125,1375.5604248046875,34.52382278442383,-99.59375,-8.9921875,-11.713623046875,95.05816650390625,95.49969482421875,9,2,-2099.067138671875,2054.978271484375,2.4902076721191406,-145.546875,-136.21875,4.636962890625,96.37103271484375,-73.42060089111328,33,3,-1380.8817138671875,2539.32666015625,4.196300506591797,0.0,0.0,0.0,163.55654907226562,-2.3215484619140625,42,3
12,74406,planted_c4,False,0,True,0,0,0,0,1162.59375,1,,,-2131.93017578125,1828.814208984375,3.091848850250244,0.0,0.0,0.0,94.86386108398438,45.47996520996094,33,3,,,,,,,,,,,,,,,,,,,,
12,74406,planted_c4,False,0,True,0,0,0,0,1162.59375,7,,,-1380.8817138671875,2539.32666015625,4.196300506591797,0.0,0.0,0.0,163.55654907226562,-2.3215484619140625,42,3,,,,,,,,,,,,,,,,,,,,
12,74406,planted_c4,False,0,True,0,0,0,0,1162.59375,3,,,-373.948486328125,1507.7891845703125,-73.6875,-102.5859375,-237.859375,74.0,104.90501403808594,-107.03361511230469,42,3,,,,,,,,,,,,,,,,,,,,
12,74406,planted_c4,False,0,True,0,0,0,0,1162.59375,5,,,-1921.4658203125,1986.1453857421875,40.625,-137.109375,-165.609375,151.0,105.27099609375,-117.69241333007812,7,3,,,,,,,,,,,,,,,,,,,,
13,77303,glock,True,0,False,0,0,0,0,1207.859375,9,10,,1302.706787109375,1623.099365234375,1.0312504768371582,-43.203125,58.890625,0.0,91.61636352539062,-92.77576446533203,61,3,1218.2347412109375,890.5555419921875,-0.40411376953125,-229.765625,17.19921875,-2.19140625,91.97994995117188,84.28024291992188,4,2,,,,,,,,,,
13,77584,glock,True,0,False,0,0,0,0,1212.25,2,3,,-273.3360595703125,2222.474853515625,-124.28271484375,13.203125,-104.84375,-6.9765625,99.08157348632812,-107.75527954101562,61,3,-517.8760986328125,1781.1229248046875,-118.9609375,0.0,0.0,0.0,90.0,61.5361328125,4,2,,,,,,,,,,
13,77720,usp_silencer,True,0,False,0,0,0,0,1214.375,3,6,,-353.04296875,1575.7158203125,-126.4693603515625,220.90234375,-35.6484375,4.125,94.3560791015625,110.1121826171875,4,2,-227.70623779296875,1398.4869384765625,32.03125,0.0,0.0,0.0,122.3399658203125,130.08428955078125,61,3,,,,,,,,,,
13,77832,usp_silencer,True,0,False,0,0,0,0,1216.125,5,8,,-1999.0181884765625,1132.8670654296875,34.35210037231445,51.859375,-4.2421875,-1.93310546875,92.28721618652344,85.63946533203125,4,2,-1962.0513916015625,2127.58984375,-2.1951904296875,-49.0234375,4.328125,-0.1328125,89.12005615234375,-92.49526977539062,61,3,,,,,,,,,,
13,78179,glock,False,0,False,0,0,0,0,1221.546875,6,1,10,411.95281982421875,1946.2080078125,96.03124237060547,0.78515625,-67.5234375,0.0,91.298095703125,59.024383544921875,61,3,797.8603515625,2479.584716796875,96.03673553466797,-229.8671875,-8.484375,2.1396484375,91.06533813476562,-127.562255859375,4,2,772.9443969726562,2557.471435546875,94.53175354003906,-74.515625,45.5625,0.35400390625,91.78184509277344,-120.68412780761719,4,2
13,78203,usp_silencer,False,0,False,0,0,0,0,1221.921875,7,4,8,-438.67962646484375,1914.8994140625,-77.140625,-95.91796875,-125.65625,-94.0,121.46141052246094,-135.3453826904297,59,2,-864.4722290039062,2533.89453125,-40.96875,106.046875,34.09375,0.0,97.25234985351562,-54.078826904296875,61,3,-1278.869873046875,2268.580078125,4.839987277984619,33.734375,98.90625,5.66693115234375,97.94757080078125,-14.9451904296875,61,3
13,78684,usp_silencer,True,0,False,0,0,0,0,1229.4375,10,4,,516.66455078125,2146.027587890625,-118.5576171875,2.9921875,45.390625,-10.6015625,91.62803649902344,177.91293334960938,4,2,-283.862060546875,2204.822509765625,-125.3302001953125,6.31640625,180.9375,8.78515625,91.82131958007812,-3.042877197265625,61,3,,,,,,,,,,
13,81422,glock,False,0,False,0,0,0,0,1272.21875,4,1,,778.7786865234375,2346.97119140625,-36.572265625,42.16796875,71.453125,18.90625,90.1685791015625,-27.53173828125,61,3,1460.5670166015625,1944.5438232421875,-10.7025146484375,-28.625,-59.3828125,-0.30078125,94.2005615234375,149.73678588867188,4,2,,,,,,,,,,
13,82643,glock,True,0,False,0,0,0,0,1291.296875,8,1,10,1116.3511962890625,2178.322265625,4.085917949676514,-6.84375,84.484375,5.285369873046875,96.29757690429688,0.42950439453125,61,3,1383.896240234375,2168.701171875,-5.05218505859375,0.015625,-28.703125,-0.19140625,90.46246337890625,178.25558471679688,4,2,,,,,,,,,,
14,84406,ssg08,True,0,False,0,0,0,0,1318.84375,8,10,,-412.8629150390625,1855.15673828125,-127.35400390625,136.58984375,-80.8984375,-2.58203125,86.64505004882812,-90.12496948242188,1,3,-427.75286865234375,-243.7113037109375,0.6641631126403809,0.0,0.0,0.0,93.31993103027344,89.81015014648438,40,2,,,,,,,,,,
14,85194,ssg08,True,0,False,0,0,0,0,1331.15625,2,10,,-282.3973388671875,1029.8697509765625,-53.43524169921875,-27.8203125,3.3828125,-0.84765625,83.80027770996094,-97.05013275146484,61,3,-372.73126220703125,483.9148254394531,-5.22467041015625,-14.71875,5.900390625,-0.578125,96.974609375,79.98388671875,40,2,,,,,,,,,,
14,86468,ssg08,True,0,False,0,0,0,0,1351.0625,4,10,,-993.4722290039062,2482.346923828125,-13.048828125,-9.765625,-23.5625,1.38671875,99.74830627441406,-23.024932861328125,28,3,34.61139678955078,2036.2374267578125,-122.9097900390625,-11.6650390625,-8.453125,-0.265625,85.31878662109375,156.55859375,40,2,,,,,,,,,,
14,86595,ssg08,True,0,False,0,0,0,0,1353.046875,6,10,7,-1557.531982421875,2207.47998046875,-1.9674072265625,0.0,0.0,0.0,93.59494018554688,-0.294921875,40,3,-199.30316162109375,2162.032470703125,-126.10992431640625,0.0,0.0,0.0,85.43724060058594,178.11618041992188,40,2,104.7834701538086,2341.9833984375,-29.46875,-43.7822265625,6.609375,-117.0,99.5196533203125,-155.69412231445312,40,2
14,86625,tec9,True,0,False,0,0,0,0,1353.515625,9,3,,1299.15283203125,997.217041015625,-4.66326904296875,29.234375,-221.40234375,-6.765625,91.09347534179688,178.689208984375,27,3,830.3519287109375,1021.0744018554688,0.3911314010620117,-15.94140625,80.0234375,0.3985595703125,87.94075012207031,-1.5875244140625,30,2,,,,,,,,,,
15,89836,ssg08,True,0,False,0,0,0,0,1403.6875,8,7,,-487.85076904296875,2413.17236328125,-93.04119873046875,-8.85546875,-0.609375,-0.31640625,97.425048828125,-86.09230041503906,10,3,-474.828125,1796.1102294921875,-123.6131591796875,12.734375,-0.0390625,-1.265625,86.92245483398438,90.76596069335938,40,2,,,,,,,,,,
15,89877,mp5sd,False,0,False,0,0,0,0,1404.328125,3,6,,385.7032165527344,1801.49853515625,103.03125,30.5625,-12.2734375,0.0,93.14175415039062,68.21856689453125,7,2,637.4457397460938,2455.03955078125,97.03153991699219,0.0,0.0,0.0,90.37387084960938,-111.60015106201172,23,3,,,,,,,,,,
15,89916,ak47,True,0,False,0,0,0,0,1404.9375,6,5,3,649.0984497070312,2450.406005859375,97.06243896484375,33.73828125,-13.0625,0.2529296875,90.63789367675781,-110.9842300415039,23,3,307.8779602050781,1815.205810546875,96.71287536621094,52.505859375,-28.6171875,-0.4658203125,91.74923706054688,61.61785888671875,7,2,,,,,,,,,,
15,90214,glock,True,0,False,0,0,0,0,1409.59375,4,7,,-1043.9901123046875,2444.23388671875,3.3109374046325684,46.5703125,57.703125,-3.905853271484375,102.91923522949219,-35.593292236328125,1,3,-571.31884765625,2197.364501953125,-122.448486328125,-65.31640625,230.9375,-11.55859375,78.5615234375,152.9774169921875,4,2,,,,,,,,,,
15,90567,mac10,False,0,False,0,0,0,0,1415.109375,2,1,,1323.534423828125,1504.19384765625,2.171875,59.921875,-54.421875,-315.0,86.39065551757812,89.4122314453125,61,3,1380.0621337890625,2781.318359375,111.35852813720703,154.921875,-7.671875,-1.06689453125,95.46673583984375,-92.8179931640625,17,2,,,,,,,,,,
15,90689,ak47,False,0,False,0,0,0,0,1417.015625,9,5,1,1295.8681640625,1124.6435546875,-0.63031005859375,-81.2578125,8.6875,1.2734375,85.81661987304688,84.3568115234375,61,3,1382.589111328125,2654.16015625,89.19328308105469,-6.6015625,0.34375,0.48486328125,93.53176879882812,-93.04492950439453,7,2,1548.974853515625,2768.450927734375,116.84062194824219,-60.5390625,8.390625,1.46533203125,95.46673583984375,-97.90294647216797,17,2
15,91079,inferno,False,0,False,0,0,0,0,1423.109375,7,7,4,547.785888671875,2133.16845703125,-107.5625,0.0,0.0,0.0,80.28877258300781,12.213714599609375,59,2,547.785888671875,2133.16845703125,-107.5625,0.0,0.0,0.0,80.28877258300781,12.213714599609375,59,2,,,,,,,,,,
16,92345,ssg08,True,1,False,0,0,0,0,1442.890625,2,7,,-488.125732421875,2142.697998046875,-115.53125,-249.984375,-0.296875,-258.0,93.87130737304688,-91.54254913330078,516,3,-410.50054931640625,-359.0997314453125,0.6938161849975586,0.0,0.0,0.0,92.08740234375,91.4649658203125,40,2,,,,,,,,,,
16,93224,ssg08,False,0,False,0,0,0,0,1456.625,4,7,,-1316.9261474609375,2672.687255859375,130.03125,5.5546875,8.0,0.0,104.0772705078125,-34.74082946777344,9,3,-457.2447509765625,2081.43896484375,-126.89794921875,0.0,0.0,0.0,77.79693603515625,145.92831420898438,40,2,,,,,,,,,,
16,93305,ak47,True,0,False,0,1,0,0,1457.890625,6,5,,297.82659912109375,1375.148681640625,0.28525257110595703,2.146484375,26.6796875,-0.065399169921875,89.77993774414062,175.1402587890625,16,3,-129.226806640625,1414.2364501953125,-0.38592529296875,40.75390625,-23.7265625,0.09765625,92.25357055664062,-4.418914794921875,7,2,,,,,,,,,,
16,93830,ak47,False,0,False,0,0,0,0,1466.09375,9,3,,1192.171142578125,2901.637451171875,127.90530395507812,-4.578125,4.28125,0.0517578125,90.99459838867188,-133.10760498046875,9,3,321.23040771484375,2006.98974609375,97.9134521484375,0.0,0.0,0.0,89.73599243164062,45.841827392578125,7,2,,,,,,,,,,
16,94078,ak47,False,0,False,0,0,0,0,1469.96875,8,3,,388.1666259765625,2394.740234375,-119.96875,-57.134765625,53.015625,0.0,94.98745727539062,-128.92489624023438,61,3,505.35809326171875,2103.836181640625,-117.6282958984375,0.0,0.0,0.0,94.19746398925781,111.63070678710938,7,2,,,,,,,,,,
17,97366,mac10,True,0,False,0,0,0,0,1521.34375,6,1,,-785.025146484375,1440.831787109375,-111.986083984375,24.51171875,1.0546875,0.19921875,89.912109375,2.248077392578125,10,3,-763.955810546875,1334.0335693359375,-111.6785888671875,0.0,0.0,0.0,91.22601318359375,100.82565307617188,17,2,,,,,,,,,,
17,97464,aug,False,0,False,0,0,0,0,1522.875,7,9,4,-545.0427856445312,1911.87158203125,-76.21875,-5.296875,28.890625,-134.0,85.58657836914062,100.3621826171875,40,2,-437.47216796875,1647.566650390625,-125.5025634765625,-181.76953125,72.34375,1.1875,86.93962097167969,115.62252807617188,8,3,-1345.941162109375,2683.940673828125,130.03125,118.28125,-1.390625,0.0,105.48281860351562,-38.65470886230469,61,3
17,97732,mac10,False,0,False,0,0,0,0,1527.0625,9,1,,-411.8798828125,1855.564697265625,-127.36627197265625,26.32421875,-1.203125,-0.40625,89.37548828125,-92.99583435058594,8,3,-404.1138916015625,1298.1480712890625,-121.66961669921875,142.0078125,-110.3828125,1.4765625,93.27598571777344,90.67599487304688,17,2,,,,,,,,,,
17,98056,m4a1_silencer,True,0,False,0,0,0,0,1532.125,5,2,,347.2455749511719,1917.54296875,96.44788360595703,19.439453125,-8.8515625,-1.3994140625,90.60562133789062,65.82080078125,7,2,677.4188842773438,2629.887939453125,94.3267822265625,0.0,0.0,0.0,90.17474365234375,-115.1205825805664,60,3,,,,,,,,,,
17,99273,mac10,False,0,False,0,0,0,0,1551.140625,2,1,5,1277.8770751953125,2931.72705078125,128.0180206298828,0.0,0.0,0.0,92.73593139648438,-138.5228271484375,60,3,342.8550720214844,2097.20751953125,96.4053726196289,0.0,0.0,0.0,90.68321228027344,41.234771728515625,17,2,,,,,,,,,,
17,99433,ak47,True,0,False,0,0,0,0,1553.640625,4,3,,-451.5941162109375,1874.9847412109375,-125.486083984375,-95.9296875,-78.4765625,5.0390625,117.66014099121094,143.10723876953125,8,3,-412.99560546875,1439.978271484375,-126.74432373046875,0.0,0.0,0.0,89.55126953125,94.480712890625,7,2,,,,,,,,,,
17,99903,awp,True,1,False,0,0,0,0,1560.984375,8,10,7,-1588.2540283203125,2228.47900390625,-2.40399169921875,0.234375,4.34375,0.00390625,95.86703491210938,-3.203887939453125,9,3,358.25958251953125,2189.493408203125,-125.5816650390625,-0.150390625,-9.296875,0.06640625,86.23924255371094,178.88247680664062,9,2,,,,,,,,,,
18,102329,ssg08,True,0,False,0,0,0,1,1598.890625,9,7,,342.9581604003906,1554.9122314453125,3.161681652069092,-18.21484375,-0.140625,0.261688232421875,93.56539916992188,-146.31454467773438,48,3,228.5837860107422,1507.431884765625,1.6324050426483154,-103.2392578125,106.421875,3.5457611083984375,92.13958740234375,17.550323486328125,40,2,,,,,,,,,,
18,102611,ssg08,True,0,False,0,0,0,0,1603.296875,6,7,,1018.189208984375,2181.953369140625,3.6254162788391113,-13.08984375,75.359375,11.015106201171875,80.54008483886719,179.39816284179688,16,3,460.2274169921875,2188.124267578125,95.92353057861328,-0.1484375,-7.03125,-0.00048828125,101.81887817382812,-1.15185546875,40,2,,,,,,,,,,
18,102690,famas,True,0,False,0,0,0,0,1604.53125,7,2,6,483.8914794921875,2163.0947265625,128.515625,150.45703125,-117.359375,199.0,103.99624633789062,-28.909149169921875,40,2,1281.41650390625,2807.922119140625,127.044189453125,0.0,0.0,0.0,90.61111450195312,-141.78851318359375,10,3,,,,,,,,,,
18,103259,famas,False,0,False,0,0,0,0,1613.421875,5,2,,371.0425720214844,1958.4381103515625,96.0405044555664,13.4921875,-10.3125,-0.0078125,88.41900634765625,48.25640869140625,7,2,1138.211669921875,2829.16943359375,127.03125,0.0,0.0,0.0,92.32841491699219,-131.07684326171875,10,3,,,,,,,,,,
18,103313,famas,False,0,False,0,0,0,0,1614.265625,10,2,,387.6428527832031,1904.53759765625,95.98776245117188,36.72265625,-40.9609375,0.55810546875,93.92108154296875,32.11235046386719,9,2,1138.211669921875,2829.16943359375,127.03125,0.0,0.0,0.0,92.503173828125,-129.30152893066406,10,3,,,,,,,,,,
18,103752,mac10,False,0,False,0,0,0,0,1621.125,2,1,,1261.957275390625,2884.883544921875,127.76278686523438,-37.421875,42.984375,0.25830078125,90.66947937011719,-135.85040283203125,61,3,831.787109375,2502.794189453125,135.28125,77.5546875,105.234375,-153.0,98.30050659179688,40.343505859375,17,2,,,,,,,,,,
18,103955,m4a1_silencer,False,0,False,0,0,0,0,1624.296875,1,8,2,1161.7762451171875,2799.9619140625,127.03125,84.078125,-78.046875,0.0,95.80833435058594,-134.46990966796875,17,2,350.4093017578125,1958.557861328125,96.10742950439453,1.193359375,-1.140625,-0.01806640625,94.70248413085938,46.35749816894531,60,3,,,,,,,,,,
18,105203,ak47,True,0,False,0,0,0,0,1643.796875,8,3,,1125.3994140625,2392.31982421875,96.08849334716797,-7.40625,26.390625,-0.56298828125,95.25250244140625,-163.3848876953125,60,3,351.5359802246094,2178.391845703125,96.8153076171875,0.0,0.0,0.0,89.97357177734375,15.501022338867188,7,2,,,,,,,,,,
18,105219,m4a1_silencer,True,0,False,0,0,0,0,1644.046875,3,4,8,351.5359802246094,2178.391845703125,96.8153076171875,0.0,0.0,0.0,90.23757934570312,15.184478759765625,7,2,1235.5853271484375,2727.402099609375,98.60735321044922,-5.7890625,4.75,-0.8349609375,91.38290405273438,-147.84405517578125,60,3,,,,,,,,,,
19,108076,famas,True,0,False,0,0,0,0,1688.6875,3,6,,226.9280242919922,1403.6534423828125,-0.04669189453125,-8.15625,2.078125,-0.06640625,90.87135314941406,75.7655029296875,7,2,386.2270202636719,2015.2374267578125,95.87287902832031,7.26171875,67.5,0.162109375,99.15194702148438,-104.25235748291016,10,3,,,,,,,,,,
19,108460,awp,False,0,False,0,0,0,0,1694.6875,8,10,,371.1478271484375,2239.459228515625,-125.75115966796875,0.0,0.0,0.0,82.68516540527344,-14.197418212890625,61,3,-558.3806762695312,1981.2440185546875,-117.74566650390625,0.0,0.0,0.0,90.68423461914062,15.277175903320312,9,2,,,,,,,,,,
19,108519,famas,False,0,False,0,0,0,0,1695.609375,5,6,9,426.21759033203125,1714.7435302734375,78.30967712402344,19.8828125,-12.8203125,-8.99169921875,97.50091552734375,102.09353637695312,7,2,457.9419250488281,2607.096923828125,95.3294906616211,0.7421875,13.421875,0.0078125,91.82614135742188,-92.98828125,10,3,355.81890869140625,2233.888427734375,96.76005554199219,90.28515625,13.03125,-2.978515625,99.88838195800781,-81.40869140625,60,3
19,108829,ak47,True,0,False,0,0,0,0,1700.453125,2,1,,-2017.5059814453125,1482.5384521484375,33.213863372802734,-35.3515625,-27.078125,2.65576171875,91.42616271972656,-61.95396423339844,60,3,-1890.5284423828125,1202.9154052734375,31.998882293701172,-52.59375,-4.5625,-0.23681640625,94.52224731445312,113.24124145507812,7,2,,,,,,,,,,
19,108860,ssg08,False,0,False,0,0,0,0,1700.9375,6,7,,1077.3914794921875,2756.321044921875,106.36253356933594,68.875,173.953125,110.05126953125,94.92805480957031,-69.18399810791016,10,3,1319.75830078125,1789.7537841796875,53.375,0.0,0.0,-69.0,87.76496887207031,105.24868774414062,40,2,,,,,,,,,,
19,109421,awp,False,0,False,0,0,0,0,1709.703125,9,10,5,-398.5025634765625,2090.118896484375,-128.9034423828125,-102.4296875,-70.5625,-1.58203125,90.66571044921875,151.46917724609375,60,3,-747.929931640625,2264.806396484375,-111.3548583984375,0.0,0.0,0.0,93.65740966796875,-24.76214599609375,9,2,,,,,,,,,,
19,109633,ak47,False,0,False,0,0,0,0,1713.015625,1,4,2,-1941.7957763671875,2456.183349609375,21.906896591186523,-44.3828125,45.46875,7.8624267578125,94.03988647460938,30.055160522460938,7,2,-1647.2730712890625,2651.982666015625,6.827116012573242,7.0625,-10.390625,-0.703857421875,90.60733032226562,-146.954833984375,7,3,,,,,,,,,,
19,109777,awp,True,0,False,0,0,0,0,1715.265625,4,10,1,-1612.4405517578125,2630.9150390625,4.891905784606934,21.71875,152.640625,10.35113525390625,82.91622924804688,-1.267547607421875,7,3,-1256.4654541015625,2675.680908203125,128.47848510742188,0.0,0.0,0.0,105.71353149414062,-170.23521423339844,9,2,,,,,,,,,,
20,112115,m4a1,True,0,False,0,0,0,0,1751.796875,1,8,,-644.7567138671875,1487.439697265625,-111.40618896484375,46.2734375,-7.8984375,-0.58203125,91.06498718261719,-16.143722534179688,17,2,-278.16314697265625,1272.4466552734375,-114.0794677734375,-21.98046875,-23.4609375,5.86328125,89.64260864257812,149.09512329101562,16,3,,,,,,,,,,
20,112225,m4a1_silencer,False,0,False,0,0,0,0,1753.515625,7,4,,-1802.622314453125,2175.84228515625,-1.568359375,0.0,0.0,0.0,91.50546264648438,4.04193115234375,40,2,-1195.684326171875,2210.154541015625,2.8972373008728027,6.7421875,-64.875,-0.072052001953125,96.712646484375,-173.6536865234375,60,3,,,,,,,,,,
20,112291,awp,False,0,False,0,0,0,0,1754.546875,8,5,,-339.56787109375,976.2655029296875,-40.71734619140625,-26.2578125,2.1875,-12.03515625,93.1348876953125,-94.93732452392578,16,3,-411.8680419921875,-109.43408203125,-0.68212890625,0.0,0.0,0.0,93.69381713867188,85.47705078125,9,2,,,,,,,,,,
20,113676,famas,False,0,False,0,0,0,0,1776.1875,3,6,,1386.6942138671875,2737.44482421875,105.25370788574219,-19.640625,36.859375,5.47314453125,91.29364013671875,-151.93508911132812,7,2,364.4026184082031,2185.878662109375,96.44508361816406,0.0,0.0,0.0,89.25189208984375,28.809585571289062,10,3,,,,,,,,,,
20,113852,awp,False,0,False,0,0,0,0,1778.9375,2,10,,1236.88037109375,2773.271484375,127.03125,75.7421875,35.84375,659.154296875,96.57839965820312,-70.00900268554688,10,3,1632.2708740234375,1783.3797607421875,-0.26934814453125,0.0,0.0,0.0,84.86869812011719,112.43820190429688,9,2,,,,,,,,,,
20,114392,famas,False,0,False,0,0,0,0,1787.375,10,6,,1755.5140380859375,2015.9178466796875,60.03125,47.3515625,16.046875,0.0,159.77210998535156,105.38394165039062,9,2,397.7912292480469,2166.119873046875,95.66317749023438,0.0,0.0,0.0,92.66212463378906,-6.852386474609375,10,3,,,,,,,,,,
20,114921,awp,False,0,False,0,0,0,0,1795.640625,6,5,,281.3785095214844,1851.1304931640625,97.80857849121094,11.130859375,2.2421875,-0.16796875,108.964111328125,-78.80046844482422,10,3,344.2417297363281,1525.107177734375,2.383239984512329,0.0,0.0,0.0,79.40402221679688,99.10800170898438,9,2,,,,,,,,,,
20,115212,m4a1_silencer,False,0,False,0,0,0,0,1800.1875,5,4,8,333.9903564453125,1922.7265625,97.402099609375,0.0,0.0,0.0,89.27833557128906,43.24699401855469,9,2,1051.7344970703125,2626.76806640625,96.53125,11.4296875,-11.546875,0.0,90.77590942382812,-135.3004150390625,60,3,,,,,,,,,,
21,118028,awp,True,0,False,0,0,0,0,1844.1875,3,9,,1323.8414306640625,1193.54345703125,-0.1029052734375,0.0,0.0,0.0,86.013671875,89.25396728515625,7,2,1346.559326171875,2877.064208984375,122.78231811523438,0.0,0.0,0.0,93.66015625,-90.7196044921875,9,3,,,,,,,,,,
21,118159,awp,False,0,False,0,0,0,0,1846.234375,1,9,,1369.942626953125,887.0804443359375,-9.37066650390625,0.0,0.0,0.0,86.98529052734375,92.23330688476562,7,2,1279.44091796875,2903.211181640625,127.98725891113281,-26.421875,-1.125,-0.00146484375,93.47991943359375,-87.4786376953125,9,3,,,,,,,,,,
21,118639,ak47,False,0,False,0,0,0,0,1853.734375,9,5,1,1174.962890625,3001.063232421875,128.62228393554688,-57.4921875,-75.4375,0.2744140625,66.76254272460938,-128.8438720703125,43,3,354.3490295410156,1845.1639404296875,95.76158142089844,-13.5234375,9.6953125,0.46435546875,88.48629760742188,54.2103271484375,7,2,,,,,,,,,,
21,118705,awp,False,0,False,0,0,0,0,1854.765625,6,10,,843.2973022460938,2424.415771484375,127.03125,0.0,0.0,0.0,92.81593322753906,-134.17156982421875,10,3,275.0068664550781,1823.0201416015625,97.1598892211914,0.0,0.0,0.0,89.78335571289062,46.230804443359375,9,2,,,,,,,,,,
21,118969,m4a1_silencer,False,0,False,0,0,0,0,1858.890625,10,8,2,522.9672241210938,2165.6005859375,127.03125,15.578125,6.921875,0.0,114.19670104980469,16.72393798828125,9,2,841.5838012695312,2258.739990234375,-25.4886474609375,3.359375,-12.4375,0.26953125,69.73263549804688,-165.08949279785156,60,3,-391.707763671875,1506.8182373046875,-126.31243896484375,-24.171875,-111.8125,-0.2734375,83.01406860351562,-63.23455810546875,10,3
21,119333,ak47,False,0,False,0,0,0,0,1864.578125,8,5,,735.2987670898438,2150.29736328125,-64.96649169921875,47.6171875,-20.59375,17.0546875,94.78488159179688,-105.52436828613281,60,3,528.183837890625,2349.228759765625,127.0677490234375,0.0,0.0,0.0,135.14076232910156,-43.84162902832031,7,2,,,,,,,,,,
21,119388,m4a1_silencer,False,0,False,0,0,0,0,1865.4375,7,4,6,729.4400024414062,2254.579833984375,-56.169677734375,-124.10546875,42.890625,-25.44140625,94.80720520019531,-169.50909423828125,40,2,-314.5999755859375,2071.588623046875,-127.7305908203125,42.875,46.53125,-0.55859375,87.26783752441406,8.58203125,60,3,,,,,,,,,,
21,120837,awp,False,0,False,0,0,0,0,1888.078125,5,2,4,1383.8306884765625,868.0637817382812,-10.1246337890625,-39.7109375,211.296875,4.3125,95.11276245117188,98.52780151367188,7,2,1232.4229736328125,2283.9462890625,13.612020492553711,0.0,0.0,0.0,91.57000732421875,-84.39285278320312,9,3,847.4290771484375,2231.40625,-25.72186279296875,189.47265625,68.28125,59.80078125,80.01548767089844,-6.496002197265625,60,3
22,123218,m4a1_silencer,False,0,False,0,0,0,0,1925.28125,10,9,,-137.1842041015625,1425.8741455078125,-0.46368408203125,-3.109375,57.8984375,-0.375,100.4771728515625,-175.8684539794922,40,2,133.09347534179688,1358.2015380859375,-0.06683349609375,-82.080078125,83.375,-0.171875,92.85232543945312,167.7958984375,60,3,,,,,,,,,,
22,123309,m4a1_silencer,False,0,False,0,0,0,0,1926.703125,7,9,,-182.09075927734375,1338.3646240234375,35.703125,51.609375,-72.109375,-96.0,119.77294921875,-77.52777099609375,43,2,127.90611267089844,1419.3162841796875,-0.35467529296875,-15.7939453125,103.1015625,-0.54296875,93.8507080078125,-170.1929931640625,60,3,,,,,,,,,,
22,123337,galilar,True,0,False,0,0,0,0,1927.140625,8,3,,-1648.718505859375,945.2134399414062,31.086843490600586,-11.75,-67.9375,1.303466796875,93.35494995117188,-97.14008331298828,42,3,-1653.6329345703125,721.7118530273438,31.623456954956055,0.0,0.0,0.0,93.61691284179688,86.66668701171875,13,2,,,,,,,,,,
22,123469,usp_silencer,True,0,False,0,0,0,0,1929.203125,5,9,,-158.931640625,1316.1875,0.08786678314208984,11.34375,-16.3359375,0.02581787109375,92.9937744140625,33.69163513183594,33,2,48.96735382080078,1424.0736083984375,-0.42608642578125,26.85595703125,-52.796875,0.43359375,94.65888977050781,-153.12606811523438,61,3,,,,,,,,,,
22,123505,mac10,False,0,False,0,0,0,0,1929.765625,9,1,5,71.75435638427734,1378.9627685546875,-0.06793212890625,66.732421875,-97.875,0.51953125,91.75885009765625,-137.34283447265625,61,3,-209.838623046875,1278.4224853515625,0.32839202880859375,35.61328125,210.9609375,-0.080108642578125,93.316162109375,22.00665283203125,17,2,,,,,,,,,,
22,123746,mac10,True,0,False,0,0,0,0,1933.53125,6,1,,275.5135498046875,1889.951904296875,98.28656005859375,0.0,0.0,0.0,103.42013549804688,-89.49153900146484,16,3,264.6341857910156,1369.63623046875,0.26250600814819336,66.736328125,-2.6640625,0.2186279296875,89.2161865234375,87.6873779296875,17,2,,,,,,,,,,
22,123786,m4a1_silencer,False,0,False,0,0,0,0,1934.15625,3,4,,-1992.584228515625,1922.790771484375,1.0908622741699219,16.25,-47.34375,0.0,97.15451049804688,19.00360107421875,60,2,-1724.6617431640625,2015.5789794921875,-4.6070556640625,-14.3125,51.625,0.21875,97.08377075195312,-164.630126953125,60,3,,,,,,,,,,
22,125215,mac10,False,0,False,0,0,0,0,1956.484375,2,1,,1384.4345703125,2323.427978515625,11.668935775756836,1.265625,64.734375,10.745849609375,99.6387939453125,87.8758544921875,516,3,327.7648010253906,2030.1048583984375,96.4791259765625,0.0,0.0,0.0,96.95401000976562,14.728546142578125,17,2,,,,,,,,,,
22,126912,m4a1_silencer,False,0,False,0,0,0,0,1983.0,1,4,6,-1106.1180419921875,2539.74462890625,38.56752395629883,-30.21875,26.59375,13.445068359375,93.55751037597656,-125.69766998291016,17,2,-1707.655517578125,1676.6177978515625,2.576423168182373,6.25,-4.4453125,-0.057952880859375,91.21432495117188,54.55810546875,60,3,,,,,,,,,,
23,128846,awp,False,0,False,0,0,0,0,2013.21875,7,2,,-429.33660888671875,149.06375122070312,-0.82354736328125,-92.80859375,218.8583984375,-1.9140625,97.3553466796875,89.73666381835938,59,2,-414.4259033203125,2146.87060546875,-127.0841064453125,-33.9921875,0.3125,0.76953125,86.19529724121094,-90.37353515625,9,3,,,,,,,,,,
23,129085,m4a1_silencer,False,0,False,0,0,0,0,2016.953125,10,8,,-426.314697265625,189.40951538085938,-0.66937255859375,-52.8515625,72.546875,-1.19140625,95.63702392578125,86.82254028320312,40,2,-439.729736328125,1496.8089599609375,-125.89593505859375,5.7109375,0.484375,-0.0625,85.04997253417969,-88.80489349365234,60,3,,,,,,,,,,
23,129260,m4a1_silencer,True,0,False,0,0,0,0,2019.6875,3,4,,-1953.222900390625,2171.213134765625,-1.71087646484375,0.0,0.0,0.0,94.14492797851562,-58.425636291503906,13,2,-1693.1728515625,1798.2974853515625,2.9822778701782227,-12.421875,-8.1953125,0.9578857421875,96.20658874511719,123.23431396484375,60,3,,,,,,,,,,
23,129554,mp7,True,0,False,0,0,0,0,2024.28125,8,5,,-391.91693115234375,1538.0340576171875,-126.29876708984375,11.94921875,-0.7578125,-0.04296875,88.76266479492188,-93.64505767822266,60,3,-433.873046875,491.0714416503906,-2.66522216796875,50.4609375,-1.89453125,-3.02734375,96.8956298828125,87.92050170898438,33,2,,,,,,,,,,
23,131276,m4a1_silencer,False,0,False,0,0,0,0,2051.1875,5,9,,254.55938720703125,1392.7510986328125,0.14542150497436523,14.6044921875,-0.828125,0.0500030517578125,87.81338500976562,86.70993041992188,33,2,283.24530029296875,1656.4722900390625,29.86578941345215,30.24609375,-3.46875,-2.1351318359375,100.93414306640625,-94.96273040771484,60,3,,,,,,,,,,
23,131746,mac10,False,0,False,0,0,0,0,2058.53125,6,1,,299.50311279296875,1618.2919921875,6.370224475860596,-15.677734375,-5.15625,-3.173126220703125,101.82403564453125,-68.59004974365234,16,3,345.9546203613281,1461.7938232421875,0.6943130493164062,-30.650390625,-61.1796875,-1.95013427734375,101.55624389648438,100.98873901367188,17,2,,,,,,,,,,
23,131919,mac10,True,0,False,0,0,0,0,2061.234375,9,1,5,407.9176940917969,2350.638671875,95.53143310546875,20.08203125,-27.734375,0.19287109375,96.27525329589844,-98.88141632080078,60,3,390.8149719238281,1773.872314453125,103.03125762939453,239.220703125,-19.296875,0.0,96.14993286132812,86.45758056640625,17,2,,,,,,,,,,
23,132251,mac10,True,0,False,0,0,0,0,2066.421875,4,1,3,602.75390625,2379.887451171875,67.03125,4.4609375,-1.453125,0.0,84.94010925292969,-107.92591094970703,60,3,404.1646423339844,1799.8621826171875,103.03125,-12.349609375,120.8203125,0.0,95.80833435058594,70.92190551757812,17,2,,,,,,,,,,
23,134287,mac10,False,0,False,0,0,0,0,2098.234375,2,1,,864.7262573242188,2754.432861328125,162.9375,23.265625,23.515625,-233.0,101.48312377929688,-22.889328002929688,9,3,1372.875244140625,2627.9765625,84.33814239501953,60.4765625,193.265625,34.49658203125,88.47256469726562,164.03823852539062,17,2,,,,,,,,,,
24,136805,ak47,True,0,False,0,0,0,0,2137.578125,6,7,,1787.6590576171875,1812.234130859375,2.037999153137207,-0.21875,7.65625,0.061767578125,91.28573608398438,-178.59820556640625,10,3,1270.139892578125,1823.10498046875,2.2531490325927734,0.0,0.0,0.0,91.71832275390625,-1.736175537109375,7,2,,,,,,,,,,
24,137638,elite,True,0,False,0,0,0,0,2150.59375,5,9,2,-173.09454345703125,1065.4544677734375,0.8470559120178223,-7.609375,79.5859375,-1.6978759765625,94.33926391601562,93.86993408203125,7,2,-210.830810546875,1280.564697265625,0.32884740829467773,37.25390625,6.515625,-0.10443115234375,94.04090881347656,-80.0906753540039,2,3,-720.3113403320312,2426.290283203125,-94.14739990234375,0.0,0.0,0.0,86.71096801757812,-68.12519073486328,1,3
24,137885,ak47,False,0,False,0,0,0,0,2154.453125,9,7,5,-60.2213134765625,1363.504638671875,0.3485076427459717,104.76953125,89.046875,-1.2769012451171875,98.46221923828125,67.50068664550781,7,3,374.7501220703125,1487.1651611328125,1.340033769607544,-18.8828125,41.28125,0.9546661376953125,89.91966247558594,-162.80123901367188,7,2,,,,,,,,,,
24,138146,ssg08,False,0,False,0,0,0,1,2158.53125,3,10,4,1649.8111572265625,1827.425048828125,1.03125,-193.8203125,-92.7265625,0.0,90.21115112304688,163.01651000976562,7,2,1475.907958984375,1829.36376953125,-8.6710205078125,0.0,0.0,0.0,89.2237548828125,1.962432861328125,40,2,-721.5311889648438,2385.681396484375,-100.5693359375,110.72265625,11.328125,-18.74609375,92.93472290039062,-63.418235778808594,60,3
24,138252,ak47,True,0,False,0,0,0,0,2160.1875,8,7,,334.3687438964844,2433.733642578125,-120.362548828125,0.0,0.0,0.0,90.0274658203125,-130.79739379882812,61,3,543.6371459960938,2110.9072265625,-108.0584716796875,0.0,0.0,0.0,91.09210205078125,124.15786743164062,7,2,,,,,,,,,,
24,138356,ak47,True,0,False,0,0,0,0,2161.8125,4,7,3,-723.87890625,2330.19091796875,-108.80010986328125,-1.61328125,-6.4375,-0.52734375,92.7998046875,-14.06903076171875,60,3,369.8487548828125,2057.51220703125,-125.0797119140625,0.0,0.0,0.0,89.646728515625,166.42742919921875,7,2,,,,,,,,,,
24,138519,ak47,True,0,False,0,0,0,0,2164.359375,2,7,,-339.8857421875,2029.561279296875,-127.240478515625,31.2421875,-77.21875,1.01953125,89.15576171875,25.018280029296875,1,3,94.25501251220703,2182.661376953125,-124.428955078125,0.0,0.0,0.0,91.20437622070312,-161.19483947753906,7,2,,,,,,,,,,
